id,customer_email,expected_reply,generated_reply,semantic_similarity,llm_judge,tone_score,length_score,overall_score
1,I want to cancel my subscription immediately. I'm not happy with the service at all.,"We're sorry to hear you'd like to cancel, and we sincerely apologize for any inconvenience. Your satisfaction is our priority. Could you share what went wrong? We'd love the chance to make it right. If you'd still like to proceed, we'll cancel your account right away and ensure you're not billed further.","I apologize that our service has not met your expectations. I understand how frustrating that can be. I'm here to help you with the cancellation process. To proceed, I will need to verify some information. Could you please confirm your account name and the email address associated with your subscription? This will enable me to locate your account and assist you with the cancellation.",0.7785,8.5,9.0,8.0,82.14
2,I haven't received my order yet. It's been 10 days since I placed it. This is unacceptable.,We sincerely apologize for the delay — that's definitely not the experience we want for you. We've checked your order and it appears there may have been a shipping delay. We're escalating this to our fulfillment team right now and will send you updated tracking information within 24 hours. Thank you for your patience.,I apologize for the frustration and concern caused by the delay in receiving your order. I understand that 10 days is longer than expected. I'm here to help resolve this issue. Can you please provide me with your order number so I can investigate the status and work on getting an update for you?,0.7034,8.0,9.0,6.75,75.76
3,Can I change my shipping address? I made a mistake when placing the order.,"Absolutely! We'd be happy to update your shipping address. If your order hasn't shipped yet, we can make the change right away. Please reply with your order number and the correct address, and we'll take care of it immediately.","I understand how frustrating it can be to realize a mistake was made with your order. I'm here to help you correct it. To change your shipping address, please provide me with your order number and the corrected address. I'll do my best to update the information and ensure your order is delivered to the right location.",0.662,9.0,9.0,7.12,77.67
4,I was charged twice for the same order. Please fix this immediately.,We're very sorry about the double charge — that should never have happened. We've flagged your account for our billing team and a full refund for the duplicate charge will be processed within 3–5 business days. You'll receive a confirmation email once it's done. We apologize for the inconvenience.,"I apologize for the frustration and inconvenience caused by the duplicate charge. I understand how concerning this must be for you. I'm here to help resolve this issue as quickly as possible. To proceed, could you please provide me with your order number and the date of the transaction so I can investigate and process a refund for the duplicate charge?",0.7959,7.75,10.0,7.62,81.52
5,Your product broke after just two weeks. I want a replacement.,"We're so sorry to hear that — a product that breaks in two weeks is not acceptable, and we take full responsibility. We'd like to send you a replacement right away. Please share your order number and a brief description of the issue (a photo if possible), and we'll ship a new one at no cost to you.","I'm so sorry to hear that our product stopped working after just two weeks. I can imagine how frustrating this must be for you. I'd be happy to help you with a replacement. To proceed, could you please provide your order number and a detailed description of the issue you're experiencing? This will help me to expedite the replacement process for you.",0.737,8.75,10.0,7.75,82.35
6,I need a refund. The product is not as described on your website.,"We completely understand your frustration, and we're sorry the product didn't match what was advertised. You're entitled to a full refund. Please initiate a return through your account portal, and once we receive the item, your refund will be processed within 5–7 business days. We'll also look into updating the product description.","I apologize for the disappointment our product has caused and understand your frustration. I'm here to help. To initiate the refund process, I'll need to verify your order details. Could you please provide me with your order number or the email address associated with the purchase? I'll then guide you through the next steps to resolve this issue promptly.",0.695,8.75,9.0,7.38,78.61
7,How do I reset my password? I can't log into my account.,"No worries — resetting your password is easy! Just go to our login page and click 'Forgot Password.' Enter the email address associated with your account, and we'll send you a reset link within a few minutes. If you don't see it, please check your spam folder. Let us know if you need further help!","I understand how frustrating it can be to lose access to your account. To reset your password, please click on the 'Forgot Password' link on our login page and follow the prompts. If you need assistance, I can also guide you through the process or provide a password reset link. Please let me know your account email or username so I can look into this further and assist you with the next steps.",0.7868,9.0,9.0,9.12,85.66
8,I'd like to upgrade my plan. What are the options available?,"Great to hear you're ready to upgrade! We offer three plans: Starter, Professional, and Enterprise. The Professional plan includes advanced analytics, priority support, and up to 10 team members. The Enterprise plan is fully customizable. I can arrange a quick call to walk you through the best option for your needs — just let me know what works for you!","I understand you're looking to upgrade your plan, and I'm happy to help. We appreciate your interest in exploring more features. Our current upgrade options include Pro, Business, and Enterprise plans, each with unique benefits. I'll send you a detailed comparison of these plans. Please allow me a moment to prepare this information, and I'll follow up with an email outlining the options and their corresponding pricing.",0.7144,7.5,9.0,8.38,77.14
9,I've been a loyal customer for 3 years and never got any discount. That's unfair.,Thank you so much for your loyalty over the past three years — it truly means a lot to us! You're absolutely right that long-term customers deserve recognition. We'd like to offer you a 20% discount on your next renewal as a token of our appreciation. We're also reviewing our loyalty program and will have more benefits to share soon.,"I understand your frustration and appreciate your loyalty to our service over the past 3 years. I'm sorry to hear you feel you haven't received a fair discount. I'd like to review your account and see what options are available. Please allow me to escalate this issue to our loyalty program team, and I will follow up with you within the next 24 hours.",0.6606,8.0,9.0,8.0,75.93
10,The app keeps crashing every time I try to open it on my iPhone.,"We're sorry the app has been crashing — that must be very frustrating. Could you let us know which iPhone model you're using and your iOS version? In the meantime, please try force-closing the app and reopening it, or uninstalling and reinstalling the latest version. Our team is actively investigating crash reports and we'll keep you updated.","I apologize for the frustration this is causing and appreciate you bringing this to our attention. I'd like to help resolve the issue with the app crashing on your iPhone. Can you please try restarting your device and then attempt to open the app again? If the issue persists, I'll need more details, such as your iPhone model and the app version you're using, to further investigate and provide a solution.",0.9314,8.75,9.0,8.88,90.32
11,I accidentally deleted my account. Can I recover it?,"Oh no, we understand how stressful that must be! Depending on how recently it was deleted, we may be able to recover your account. Please send us the email address associated with the account and we'll check right away. Our team will do everything possible to restore your data.","I'm so sorry to hear that you accidentally deleted your account. I can imagine how frustrating that must be for you. I'd be happy to help you try to recover it. To start the recovery process, could you please provide me with the email address associated with the deleted account? I'll then check on the possibility of restoring it for you.",0.8324,9.25,10.0,7.62,87.48
12,Do you offer a free trial? I want to try before I buy.,"Yes, we do! You can start a 14-day free trial with no credit card required — full access to all features, no strings attached. Just sign up on our website and you'll be up and running in minutes. If you have any questions during your trial, our support team is always here to help!","I completely understand your desire to try our product before committing to a purchase. We do offer a 14-day free trial, which allows you to explore all the features and functionality of our software. I'd be happy to help you get started with the trial. Please let me provide you with a link to sign up for the free trial, and I'll also send over some resources to help you make the most of your trial period.",0.6841,8.75,9.0,9.62,81.55
13,I'm having trouble integrating your API with my application. The documentation is confusing.,"We're sorry the documentation isn't clearer — your feedback is really valuable. For API integration, we recommend starting with our Quick Start Guide in the Developer section. We also have a dedicated developer support channel. If you share the specific error you're encountering, our technical team will provide step-by-step guidance.","I understand how frustrating it can be to encounter difficulties with integration, especially when the documentation doesn't provide the clarity you need. I'm here to help you through this process. To better assist you, could you please provide more details about the specific issues you're experiencing and what you've tried so far? This will enable me to offer you more tailored guidance and support.",0.6241,7.75,9.0,8.0,73.72
14,My invoice shows the wrong amount. I need this corrected before I can process payment.,"We apologize for the billing error — let's get that corrected right away. Please share the invoice number and the discrepancy you've noticed. Our billing team will review it, issue a corrected invoice within 24 hours, and ensure the correct amount is reflected going forward.","I understand your concern about the incorrect amount on your invoice, and I apologize for the inconvenience this has caused. I'm here to help you resolve this issue. To correct your invoice, I'll need to look into your account details. Please allow me to escalate this matter to our billing team. I will send you an updated invoice with the correct amount within the next 24-48 hours. If you have any further questions, please don't hesitate to reach out.",0.8737,8.5,9.0,9.88,88.76
15,I want to downgrade my plan because I'm not using all the features.,"We understand, and we're happy to help you right-size your plan. Downgrading is easy — we can adjust your subscription to a plan that better fits your current needs, effective from your next billing cycle. Would you like me to recommend the best option based on your usage? We want to make sure you're only paying for what you need.","I understand that you're looking to optimize your plan to better fit your needs. I'd be happy to help you explore our available options. To initiate the downgrade process, could you please confirm your current plan and the new plan you're interested in? This will allow me to provide you with more tailored guidance and ensure a smooth transition.",0.6525,7.5,9.0,7.38,73.16
16,The delivery estimate said 3 days but it's been a week. Where is my package?,"We're really sorry for the delay — that's well beyond the estimated delivery window. We've pulled up your order and are contacting the carrier right now to get a status update. We'll have more information for you within a few hours. If the package cannot be located, we'll send a replacement or issue a full refund immediately.",I apologize for the frustration and concern caused by the delay in your package delivery. I understand how important it is to receive your order on time. I'm going to investigate this further and check the status of your package. Could you please provide me with your order number so I can look into this and provide you with an update?,0.6937,7.75,9.0,7.62,75.93
17,I received a damaged item. The box was completely crushed.,"We're so sorry you received a damaged item — that's unacceptable and we want to make this right immediately. Please don't worry about returning the damaged item. We'll ship a replacement to you right away. If you could share a quick photo of the damage, it helps us improve our packaging. We apologize for this experience.",I'm so sorry to hear that the item you received was damaged. It can be really frustrating to receive a crushed box. I'd like to help you resolve this issue as soon as possible. Can you please provide me with your order number and a photo of the damaged item? This will help me to process a replacement or refund for you.,0.6648,8.25,9.0,7.75,76.47
18,Can I add multiple users to my account? How does team access work?,"Absolutely! Team access is one of our most popular features. Depending on your current plan, you can add between 5 and unlimited team members. Each user gets their own login with customizable permissions. Just go to Settings → Team Management to invite new members. If you need help setting up roles, our support team is happy to walk you through it.","I understand you're looking to collaborate with your team, and I'm happy to help. Yes, you can add multiple users to your account. Our team access feature allows you to invite users with varying permission levels. To get started, please log in to your account and navigate to the 'Team' section. From there, you can add new users and assign roles. If you need further assistance or have questions about permission levels, I'd be happy to guide you through the process. Please let me know how I can assist you further.",0.7908,8.25,9.0,10.0,84.88
19,I'm not receiving your emails. I think I may have unsubscribed by mistake.,"No worries — this is an easy fix! Please go to our website, log in, and navigate to Notification Preferences under your account settings. From there you can re-enable email notifications. Alternatively, if you let us know your email address, we can resubscribe you manually on our end right away.","I'm so sorry to hear that you're not receiving our emails. It can be frustrating when communication is disrupted. Don't worry, it's easy to resubscribe. I'll go ahead and check our subscription list to see if there's an issue. If you've been unsubscribed, I can assist you in resubscribing. Please let me try to resolve this for you. I'll be in touch with an update shortly.",0.6452,7.75,10.0,8.25,76.43
20,Your website is really slow. I can't complete my purchase.,"We're sorry for the trouble — we know how frustrating a slow checkout experience can be. We're currently aware of some performance issues affecting a small number of users and our engineering team is actively working on a fix. In the meantime, you could try clearing your browser cache or using a different browser. We'll notify you as soon as it's resolved!","I'm so sorry to hear that our website is slow and preventing you from completing your purchase. I can imagine how frustrating that must be for you. I'd like to help resolve this issue as quickly as possible. Can you please try clearing your browser cache and cookies, then attempt to complete your purchase again? If the issue persists, I'll be happy to escalate this to our technical team for further investigation.",0.6796,9.25,9.0,9.0,81.93
21,How do I export my data from your platform?,"Exporting your data is simple! Navigate to Settings → Data & Privacy → Export Data. You can choose to export in CSV or JSON format, covering all your records. The export file will be emailed to you within a few minutes. If you run into any issues or need a specific format, just let us know!","I understand the importance of having access to your data. To export your data from our platform, please navigate to the 'Settings' section and click on 'Data Export'. You will be prompted to select the type of data you wish to export and the format. If you need assistance or have specific requirements, I'd be happy to guide you through the process. Please let me know how I can further assist you.",0.8338,8.75,9.0,9.0,86.6
22,I want to know your data privacy policy. Do you sell my data?,"We take your privacy extremely seriously. We do not sell, rent, or share your personal data with third parties for marketing purposes — ever. Your data is used solely to provide and improve our service. You can read our full Privacy Policy on our website. If you have specific concerns or requests regarding your data, please don't hesitate to reach out.","I completely understand your concern about data privacy. We take the security and confidentiality of your information very seriously. Our company does not sell your data to any third parties. We adhere to strict data protection policies, which are outlined in our Privacy Policy, available on our website. I can also provide you with a direct link to our policy if you'd like. Would you like me to send you the link for your review?",0.7286,8.5,10.0,9.38,83.71
23,I'm getting an error message that says 'Payment Failed' but my bank says the money was deducted.,"We're so sorry for this confusion — a payment failure with a bank deduction is definitely something we'll resolve for you urgently. Please share the transaction date, the amount, and your order ID. Our billing team will cross-reference with our payment processor and either confirm receipt or arrange an immediate refund. We'll update you within 2 hours.",I'm so sorry to hear that you're experiencing a payment issue. It can be frustrating when there's a discrepancy between our system and your bank's records. I'd like to help you resolve this as soon as possible. Can you please provide me with a screenshot of the error message and your bank statement showing the deduction? This will help me investigate further and take the necessary steps to correct the issue.,0.7591,8.75,9.0,8.88,83.43
24,Can I get a tax invoice for my last three purchases? I need it for my business records.,"Of course! Tax invoices are available for all purchases. You can download them directly from your account under Billing → Invoice History. If you need consolidated invoices or a specific format for your accounting system, please let us know and our billing team will prepare them for you within one business day.","I understand the importance of having accurate records for your business. I'd be happy to help you with obtaining tax invoices for your last three purchases. To proceed, could you please provide me with your order numbers or the email address associated with your account? This will enable me to locate the relevant transactions and generate the invoices for you.",0.7032,7.75,9.0,7.5,76.13
25,I've been waiting on hold for over an hour. Your phone support is terrible.,"We sincerely apologize for the unacceptable wait time — an hour on hold is simply not okay, and we understand your frustration. We'd like to resolve whatever issue brought you to us right now, via this message. Please describe your concern and we'll treat it as our highest priority. We're also sharing your feedback with our support operations team to improve wait times immediately.","I apologize for the frustrating experience you've had with our phone support. I can imagine how disappointing it must be to wait for over an hour without getting the help you need. I'm here to assist you now. To better address your concern, could you please provide more details about the issue you're facing? I'll do my best to provide a prompt and helpful response.",0.5008,9.0,9.0,8.12,72.72
